rt fadli zon mendagri nonaktif ahok gubernur dki https t co kh virwpdo,1
rt fadli zon mendagri nonaktif ahok gubernur dki https t co kh virwpdo,1
rt luka aksi rangka penjara ahok ahok gagal pilkada,1
sylvi gurbernur keras perempuan bukti foto bareng debatfinalpilkadajkt,1
ahmad dhani puas debat pilkada jalan bekas ungkap https t co m hoppluid u,1
rt waspada ktp palsu kawal pilkada https t co oooerqv sm,1
bnyak agam yg bahas pilkada tingkat iman batas pilkada,1
maksud nyata amin kriminalisasi ahok hati jg dg mulut https t co h odvay md,1
ahok integrasi transportasi publik sistem single ticketing u https t co ph pqv b infotribun,1
ahok lawan korupsi ibukota bangun infrastruktur coba baik trobosan works well,1
awas curang pilkada agus sylvi pakai aplikasi https t co xwzw nufiu,1
gak jokowi ahok kalem lengkap,1
bos makan istana ga undang noh makan istana gebang tapi https t co ns cuycpuj,1
cuti habis ahok gubernur dki amat ada republika online https t co t kzvq e e,1
debat pilkada dki jakarta gelar jumat malam https t co e ixz jllr,1
demonstran fpd malteng desak bawaslu henti tahap pilkada malu,1
desak henti ahok ngeles cuti pilkada kampanye habis kemendagri ragu ragu https t co ss trdcx,1
gila gara pilkada tokoh tampak watak asli,1
gontor izin santri pulang kampung nyoblos pilkada dki republika online https t co jhnot ecnz,1
gubernur non aktif dki jakarta basuki tjahaja purnama ahok rencana rombak struktur jabat pegawai https t co cdkezxf xo,1
hebat imam masjid istiqlal kalimat ahok nista agama sebar,1
aja kalo beli telor pake milih sblm timbang pdh telor telor yg busuk,1
ahok kait siap debat pilgub besok https t co s rlsar y,1
pesan ahok pers nasional kitapastipernah https t co h l mrjm r,1
istighotsah ahok catut logo nu https t co u rpy c r,1
ngomong pilih ahok djarot ngerasain banjir ga sih,1
iya aja deh dripada hoax,1
lacur belia yg jual orang tua pantura suap nasi https t co x ddr m,1
yg nyebar hoax tahu akun twitter nya lho,1
mpok murni nya tolong mas,1
bidara beli mangga pulang nye liwat slip lupa ingetin tetangga milih agus sylvi harilagimilihahy agusbersamaulama,1
serius selip hibur ud d ude ud d ude ud d ude pilkadadki debatfinalpilkadajkt,1
sylvie sukses blunder bikin paslon drop elektabilitasnya fitnah spin salah pilih kader debatfinalpilkadajkt,1
ahok mari lomba program debatfinalpilkadajkt,1
debatfinalpilkadajkt aduh kecewa paslon,1
rt debatfinalpilkadajkt pilih nomor sektor informal maju mas agus mpok sylvi,1
rt ahok pilih baik jakarta,1
rt debatfinalpilkadajkt bu silvy curhat marah ahok hehe,1
mantap ahok debatfinalpilkadajkt,1
ahok gagah kaya gatot kaca debatfinalpilkadajkt,1
telaaaakkk nomer satuuuu nghahahaha debatfinalpilkadajkt,1
lomba adu program debatfinalpilkadajkt skaksilvi,1
debatfinalpilkadajkt denger program janji tau pas ga jalan males aja sih,1
debat cagub dki februari segmen mantap ahok skak sylviana murni n n debatfinalpilkadajkt,1
silvy rada maksa debatfinalpilkadajkt,1
tanggal pas pilkada sy gak milih ah,1
pribadi prefer muslim kapabilitas lihat kondisi ahok pilih plg realistis maju dki,1
dukung mas anies anti ahok,1
spanduk tolak salat bela nista agama muncul kalibata https t co sr pbytign,1
debatfinalpilkadajkt telak banget anjir ngakak,1
ayo lomba program fitnah debatfinalpilkadajkt,1
rt nggak ngantuk yeay debatfinalpilkadajkt,1
duh bilang ga program paslon kesi kesi kesi debatfinalpilkadajkt,1
tuntut adil nista agama puluh jawara betawi ikut aksi jilid ii https t co hwvuozyyov,1
keras nih ahok debatfinalpilkadajkt,1
paslon anies sandiaga uno feb utk jakarta indonesia raya ok oce,1
sesuai nama ronde final n n debatfinalpilkadajkt,1
mendagri pusing ma emoh keluar fatwa status gubernur nista agama https t co j amqimni,1
tolong adu program,1
genderang perang kencang debatfinalpilkadajkt,1
mpok sylvi udah emosi ud d ude n debatfinalpilkadajkt,1
some people gabisa bedain kasar debatfinalpilkadajkt,1
beliau pimpin hebat indonesia bangga https t co nawbps xpt https t co cc u aiev,1
bu silvy jg ken foto ahok hihihi debatfinalpilkadajkt,1
debatfinalpilkadajkt serang deh,1
rt baca biar dingin suasana debatfinalpilkadajkt https t co em gckc qe,1
ayo lomba program jgn pitnah doank debatfinalpilkadajkt badjapastimenang,1
rt pokok kalo ahok udah ngomong aduuuuuuh kelar debatfinalpilkadajkt,1
senjata makan tuan debatfinalpilkadajkt debatfinaldki,1
ahok keras verbal koruptor elus debatfinalpilkadajkt,1
rt gak program serang serang karakter ahay ud d ude debatfinalpilkadajkt,1
kait jakarta ramah anak tanggap https t co ufa uwbci,1
emang ok oce anies sandi atas urbanisasi lapang kerja debatfinalpilkadajkt https t co brceczskux,1
suporter kampung paslon ngomong jg debatfinalpilkadajkt,1
seru ni debatfinalpilkadajkt,1
debatfinalpilkadajkt nang nang tonjok,1
rt debat malam pilih jatuh paslon debatfinalpilkadajkt debat pilkadadki,1
rt wkwkwk udah dah pilih anies sandi aja debatfinalpilkadajkt https t co hmxhjyhbnj,1
fitnah kejam loh bunuh debatfinalpilkadajkt,1
mari debatsehat coba pakai datasesat debatfinalpilkadajkt debatfinaldikompastv,1
rt apa berani ahok bongkar mafia anggar tonggak apbd yg kredibel akuntabel,1
rt wujud nasional is me dagang hebat https t co fyig c xl,1
dosen liat asli,1
rt kampanye uda deklarasi anti sara gw pikir no mending no,1
debatfinalpilkadajkt mateng mpok silvy bombardir ahok cerdas ahok,1
debatfinalpilkadajkt mohon tenang,1
yg no nih ngomongin yg program mulu ya ngga bhan ya bwt serang lawan cape dehh debatfinaldki debatfinalpilkadajkt,1
cinta ahok pokok debatfinalpilkadajkt,1
debatfinalpilkadajkt nggak ken foto ahok lho,1
mas agus aku malam rambut bagus debatfinalpilkadajkt,1
rt ahok janji berani tutup hibur malam jual narkoba,1
agus sylvi sisip bahasa jawa debat https t co fgtfxgainx,1
rt ahok udah perhati sandang disabilitas jauuuh kandidat janji nobarahokdjarot badjapastijuara,1
ahok keren debatfinalpilkadajkt,1
gimana ya tim ahok sudut final kali y,1
nih fakta yg asbun badjapastimenang debatfinalpilkadajkt,1
meme cctv debatfinalpilkadajkt debat pilkadadki debatfinaldki,1
nyinyir tingkat nasional debatfinalpilkadajkt,1
drama bgt debatfinalpilkadajkt,1
judul debat nyerang paslon debatfinalpilkadajkt,1
lha serang gitu ya debatfinalpilkadajkt,1
debat antem beda tipis debatfinalpilkadajkt,1
orang bilang maki maki orang debatfinalpilkadajkt,1
perempuan beda kaum perempuan debatfinalpilkadajk,1
mantap ok oce anies sandi atas urbanisasi lapang kerja,1
rt ga seru nih ungkit keras verbal laku manusia debatfinalpilkadajkt,1
perempuan perempuan debatfinalpilkadajkt,1
debatfinalpilkadajkt paslon dpt kategori sbg keras debat,1
maaf biar malam memposting ujar benci malam xoxo debatfinalpilkadajkt,1
moga allah menang anies sandi https t co sns rxrw f,1
debatfinalpilkadajkt non muslim coblos ahok muslim coblos djarot,1
debatfinalpilkadajkt pimpin cipta suasana damai tentram adu domba hasut,1
presiden kapolri ok oce tuh debatfinalpilkadajkt,1
liat banget pihak media debatfinalpilkadajkt,1
rt hatikecil bagus nih ilustrasi debatfinalpilkadajkt https t co zaqlqrbiuf,1
rt ahok keren,1
isi timeline twitter cm pilkada bosan,1
mohon tenang mohon tenang debatfinalpilkadajkt,1
ah ulang jawab beda debatfinalpilkadajkt,1
asa deh yg td om audio ga ya debatfinalpilkadajkt,1
tinggal pinggir kali tanah jual pinggir jalan,1
rt sehat warga dki jakartaberlari baru bangun sejahtera warga debatfinalpilkadajkt,1
putus pacar program oke oce solusi nya debatfinalpilkadajkt,1
libat paham bidang duduk pecah solusi pimpin yg cerdas debatfinalpilkadajkt,1
laki laki alami keras verbal kali diri marah istri ayo ngaku,1
rt gera gera ala periksadata debatfinalpilkadajkt,1
mayoritas warga jakarta pimpin gubernur emang iya debatfinalpilkadajkt,1
paslon nyerang paslon ni debatfinalpilkadajkt,1
rt upaya anies sandi dukung perempuan laku ukm debatfinalpilkadajkt,1
salah indikator tingkat kualitas hidup warga jkt adl senyum djarot malam,1
tonton yg wajib tunggu habis debatfinalpilkadajkt,1
rt ahok sandang disabilitas debatfinalpilkadajkt,1
rt jeda ahok djarot sapa ganjar pranowo panggung,1
sayang hyung citra wkwk,1
msh inget sm jual kue balaikota cm ahok yg tau klo si sakit langsung urus rs citra,1
biar jajan juta,1
bio gw ganti astagfirullah rusak citra cewe cantik,1
matanajwadebatjakarta ya ampun udh closing statement msh aja commentnya ky gitu ya,1
hah uda closing statement cepet bener debatfinalpilkadajkt,1
rt debatfinalpilkadajkt kali keren sesi kali sesi curhat,1
tiga paslon gagal jawab puji baik paslon,1
mari juang sbyudhoyono utk menang saduddindhani pilkadakabbekasi bekasisah bekasiberjaya,1
jika aparatur beli kyai santri oplos beli yng asli lawan ketidakadilan,1
pasang unggul debat kandidat gubernur wagub dki jakarta malam,1
agam dr hati dalam dr citra jktberagam,1
bangun bangsa negara engga metoda citra uji rekam jejak integritas tokoh,1
rt sikap jaga prilaku citra orang,1
rt jujur yg curiga buat yg tuduh citra bahagia yg iri abai,1
umat islam yg peduli agama mrk tdk goda dg trik konyol inshaallah umat islam sdh sadar,1
aniesintoleran nanies baswedan milik integritas kredibilitas pimpin,1
berita ahok nista agama nista agama kampanye jakarta pusat,1
sadis berita ahok judul awal degan dakwa nista agama nama,1
kemarin berita sakit mengingitis babi mksd gw nyambungnya ahok,1
artis korea world tour ahmad dhani,1
ahok jakarta daging babi bal hubung nya ya,1
ahmad dhani bangkrut tagih utang video mantan istri janda kaya raya tahun,1
ahmad dhani sentil ahok eh sandiaga uno cengar cengir,1
hehhee kagum sesorng kecuali rasulullah,1
matanajwadebatjakarta acara uda abis debat sapa papar prog solusi,1
koruptor letak kitab suci tempat rendah sok milik kapling surga,1
rt woww dukung rakyat palestina ahok yg dituduhsbg nista agama mrk elu ahok ahok is the best,1
citra socmed aja tanggung citra udh bikin sampe malu maluin kasi,1
rt kicau ahmad dhani limpah polres metro jakarta selatan,1
rt kahfi komplit bgt yaaaa heran nya msh aja yg percaya idolain,1
rt adil cipta si nista agama vonis penjara n berjamaahtolakreklamasi,1
rt bro yg fatwa nista agama mui gak keluar fatwa,1
rt sidang kuat ahok nista agama bantah n,1
ahok akademisi ahmad dhani intelektual intelek bang anies,1
yg nista agama sungguh agama yg suci alat kejar jabat kuasa,1
kalah pilkada bekas ahmad dhani juru kampanye pasang anies sandi nenengyes,1
matanajwadebatjakarta bravo closing statement anies malam nggak debat nggak nonton mata najwa sdh tdk suka,1
matanajwadebatjakarta anis bikin pas debat kemarin tarik nyambung,1
matanajwadebatjakarta buzzer ahok kerja keras nih ayo kerja tar gaji ga turun,1
matanajwadebatjakarta rendah hati lawan rendah hati banget,1
matanajwadebatjakarta gaya kayak sby ya,1
matanajwadebatjakarta nyata si anis nyaman bgt dgn isu sara nguntungin anis pura sok bijak pdhl nikmat isu sara,1
matanajwadebatjakarta nyesel liat debat mutu cela,1
matanajwadebatjakarta simpul tdk rela gub seorg anies sy percaya ahok menang salam jari,1
ahoker panas dingin ahok kalah debat anis matanajwadebatjakarta,1
yg ga backsound tutup mata najwa musisi judul matanajwadebatjakarta,1
matanajwadebatjakarta p ahok apa utk rakyat p anies tkt curang ngerti beda,1
mantapppp mata najwa diskusi hidup didik kualitas banding debat yg selenggara kpu,1
mbak najwa ayo tengah jgn kiri dgn anies cpt selesai kalimat nya,1
ribut ribut pribumi vs non pribumi ramai beranda maksud,1
sedih liat anies tokoh kagum matanajwadebatjakarta,1
sp bisa cm serang pribadi btp gak program yg bangga matanajwadebatjakarta,1
gimana nih om gedeg dengerin retorika ga wawas gimana udah lanjur ya matanajwadebatjakarta,1
haduhhhh anies dukung didatengin jakarta jakarta matanajwadebatjakarta,1
haha anies demo dr jawa barat ga ngomen takut kalah ya haha matanajwadebatjakarta,1
matanajwadebatjakarta uno habis m istri ga marah ya mo beli sepatu rb aja istri marah,1
matanajwadebatjakarta suka serang perang ibadah serang orang,1
matanajwadebatjakarta paslon serang bawa yg serang tp paslon tenang jawab,1
aahhh akuh sedih akuh org depok ngga jakarta manies jahattttt matanajwadebatjakarta,1
matanajwadebatjakarta saludd utk mata najwa bobot debat malam,1
orang tanggung tindak tuai positif sidangahok,1
sidangahok duga nista agama dgn dakwa btp murni isyu pilkada dki jakarta murni islam,1
jujur pahala surga sabar ya basuki freeahok,1
orang tanggung tindak tuai positif sidangahok,1
matanajwadebatjakarta terima kasih didik demokrasi rakyat indonesia jakarta,1
agam dr hati dalam dr citra jktberagam,1
bangun bangsa negara engga metoda citra uji rekam jejak integritas tokoh,1
pihak badan hukum rusak demokrasi important matanajwadebatjakarta,1
lo cerita kalimat yg lontar anies dgn bahasa lo lo matanajwadebatjakarta,1
liat sosmed ahok menang telak sayang manis yg serap bbrp warga matanajwadebatjakarta,1
mah basuki bebas ya freeahok,1
debat ahok liat atas angin ya kliatan kuasa problem solusi tata kelola jakarta,1
lihat ahok kayak lihat power rangers merah,1
simpul ahok spt fokus detail program anies fokus jatuh lawan matanajwadebatjakarta,1
tunjuk serius gak ganggu selamat gagas nya matanajwadebatjakarta,1
pihak layan rakyat sepenuh hati tuhan kuasa tuhan ambil ahok matanajwadebatjakarta,1
ahok blunder udah bagus tanya komitmen terima hasil kontestasi matanajwadebatjakarta,1
pihak badan hukum rusak demokrasi important matanajwadebatjakarta,1
lo cerita kalimat yg lontar anies dgn bahasa lo lo matanajwadebatjakarta,1
debat ahok liat atas angin ya kliatan kuasa problem solusi tata kelola jakarta,1
jakarta selamat juang ahok anies matanajwadebatjakarta,1
ahoker debat program jlebb ko kena uppercut anies kjp pergubnya blm rubah,1
rt anut agama dapet hak ahok matanajwadebatjakarta,1
heran ilklan kampanye ahokdjarot yg baru loh bingung bkn akuang asiang aming iklanahokjahat,1
abis nyoblos streaming video kembang pilkada pake sisakuotagakhangus kuota ga habis deh,1
muslim uji negara yg mayoritas islam moga smua sabar tahan utk bicara kasar sbg balas,1
jakarta selamat juang ahok anies matanajwadebatjakarta,1
rt anies inget yg kau tabur kau tuai takut matanajwadebatjakarta,1
rt metode tari sampel hitung cepat yg litbang kompas dlm pilkada dki jakarta simak,1
mnding diem aja btp gera salah klo wktunya menang ntar jga menang iklanahokjahat,1
rt bincang tarik quick count pilkada netpilkada https t co odbvw uwmr,1
syukur tutup kampanye doa pilkada dki jakarta februari jalan lancar,1
julia perez kecewa gagal nyoblos pilkada dki tps rscm https t co vajplioiek,1
sedia ambulans pasien coblos pilkada dki,1
rt pilkada hilang hak yg jamin konstitusi,1
ya allah anis sandi gubernur dki jakarta pilih,1
domisili gue jakpus bela bain tps yg lokasi jakbar dgn modal e ktp ikut pilkada,1
rt presiden hak suara pilkada dki jakarta tps gambir jakarta pusat netpilkada,1
rt agree btp kuasa tuhan kasih jatuh tuhan naik matanajwadebatjakarta,1
rt akibat nila titik rusak susu bangga akibat mulut oknum didik rusak satu bangsa iklanahokjahat,1
mudah mudah novel baswedan alami buta mata buta donor mata,1
rubah pilih iklanahokjahat,1
rt yg salah ahok iklan protes orang yg pake spanduk iklanahokjahat,1
sampe gue blm ngerti dp rumah gmn skema trs emg ya perban yg ngasih kredit rumah gak pakai dp debatfinalpilkadadki,1
debatfinalpilkadadki anies gubernur pimpin administratur layan masyarkt layan cermin integritas,1
kalimat tutup anies ambisius ahok maaf karakter bohong debatpilkadadki debatfinalpilkadadki,1
tunjuk serius gak ganggu selamat gagas nya matanajwadebatjakarta,1
rt tdk provokasi dgn sentimen jual sara mu cinta indonesia iklanahokjahat,1
umat suguh iklanahokjahat tebar benci rukun umat agama,1
polling anies sandi menang moga h nya aniessandi,1
rt yg iklan kampanye ahox yg sebarin spanduk syariah brosur black campaign iklanahokjahat,1
oke oce brand mana oke oce kampung oke oce debatfinalpilkadadki,1
rt sungguh sgt heran kampanye kebhinekaan tp sebar islamophobia kebhinekaan yg yg,1
debat final pilkada dki jakarta gagap adjat sudradjat,1
pimpin kait lisan beda gubernur anak anak matanajwadebatjakarta,1
cerita djarot harap dukung damai debatfinalpilkadadki temanahok aniessandi,1
cuman bilang serius banget ngetweet pakai hastag iklanahokjahat gitu aja baper,1
ira koesno dekat anies sandi marah dukung paslon debat pilkada dki,1
alhamdulillah ya allah swt moga jakarta gubernur yg sahaja sahabat utk aniessandi,1
jelang larut malam diskusi aktif golkar tingkat lurah gabung menang aniessandi,1
rt sosok anies sandi aku sgt ayom kompeten utk bangun ruku kebhinekaan jakarta,1
rt ngomong manis gampang gilir kerja bingung matanajwadebatjakarta,1
april warga jakarta tentu ibukota,1
rt terimakasih anies pemaparantentang dp solusi warga jakarta rumah nyewa,1
perhati tim mas sibuk ngoceh btp program gak ngurus,1
kalo pilih gubernur yg jujur kerja nyata anti korupsi pinter mlyani rakyat iklas peduli pilih ahok djarot,1
rt sandi rangkul tegak hukum pimpin hadir contoh buat,1
hasil kerja ahok djarot sungai jakarta normal bersih enak pandang,1
ahok anies baik bagus oke yg pilih yg menang rakyat jakarta,1
moga basuki presiden indonesia maju,1
allah swt tdk butuh butuh allah rezeki hidup mati allah yg tentu khianat allah gak nyesel sidangahok,1
sidangahok lanjut rekam muat kampanye ahok dpp nasdem pulau ribu,1
rt ahok bebas hukum adil lanjut baik dki moga hakim mmpunyai sense of justice,1
bangkit listrik tenaga panas bumi besar dunia citipeka sidangahok tebak anhajidjarot,1
rt toleransi muslim jalan perintah agama non muslim jalan agama,1
rt teman setia hindar jd pimpin,1
jujur pahala dr surga freeahok,1
mah basuki bebas ya freeahok,1
rt sidang drama korea sampe kali tunggu sidang ahok season nih kayak goblin mah kalah pamor,1
transportasi online mana tarif murah aman nyaman layan,1
nelayan jakarta disiapin pulau khusus pemda dki lunchbreak sidangahok,1
ada potensi radikalisme pilgub dki jakarta lunchbreak sidangahok,1
rt siar ulang ahokdjarotdirosi malam saksi yuk ahokdjarot temanahok,1
org yg salah yg takut dgn doa salah takut tobat doa nyata,1
selamat pagi met aktifitas happy weekend moga orang jujur biar hidup slalu mujur aamiin freeahok,1
ahok tuntut penjara vonis bebas warga dki lanjur hilang pimpin baik freeahok,1
alhamdulillah tuntut jaksa coba yg sbnrnya jaksa aku kalo ahok salah freeahok,1
kalah menang tetapahok terimakasih krn ngasih ajar kerja keras utk rakyat dgn bersih,1
pilkada serentak megawati intimidasi politik uang https t co zhhvj qrry,1
thw anies sandiaga doa ustaz debat pilkada https t co odlryteu,1
lelah abdi indonesia btp tetapahok,1
menang anies rangkul paslon menang kontestasi pilkada https t co kg ytelwx,1
tni polri sinergi jaga aman jelang pilkada dki tni polri bersin https t co hp i lffg,1
wednes r bismillah inshaa allah agus sylvi menang pilkada dki putar pimpin yg amanah cinta rakyat jakarta,1
trima kasih uda bikin jakarta jabat,1
online sikap tertib aman kota negara jelang pilkada dki jakarta,1
rencana tuhan rencana manusia ahok bs kebih posisi,1
kalah tp hormat dukung badja terimakasihahok,1
basuki tp ahok wawancara informal wartawan balaikota https t co g ib h rul,1
terimakasih ahok btp tetapahok kalah selamat gubernur,1
lucu yuk ahok promosi musik dangdut tamu mancanegara,1
minggu tenang pilkada ahok fokus kerja balai kota resmi resmi rptra csr tunda,1
mantab ahok pemprov dki jakarta terjun alat berat keruk sampah waduk pluit,1
pagi polrestro bekas gelar pasu pilkada https t co yprv nnjsb,1
btp bantu sbg orang ahok beliau blusukanahok gue,1
ahok gubernur lupa bangun provinsi jambi lahan tani jln kreta api jambi riau lampung,1
partai nasdem optimis menang pilkada serentak https t co eoazcxai,1
biar kalah bangga sabar n iklas terima nya bnyak jabat ahok tetapahok,1
sabar n iklas ya hasil nya dukung mna jabatn yg bpk emban tetapahok,1
wlaupun kenal yakin slama tlah bkerja kras tuk nilai yg juang,1
rt mgk bs dukung dlm jujur niat utk layan warga gantiin dlm kerja,1
puluh personel brimob nunukan berangkat aman pilkada provinsi,1
btp sing sabar simpen energi indonesia gusti allah mboten sare,1
pilih sehat kompensasi sarap pagi uhm gak sehat impas,1
rt mahfud md heran uu pemda mendagri keukeuh tahan ahok,1
rt tuips sinta nuriyah keluar nyata kait pilkada dki,1
rt jatuh hati deh paling pilih yg ahok djarotlah yg baik,1
rt yoi pemenagnya pasang calon buka milik peluang yg,1
rt abdillahtoha aksi ubah zikir pilkada yg zikir ibadah dekat allah,1
rt pilkada penting politik sahabat saudara putus saudara,1
rt pilkada beltim kampung ahok suara babel kalah telak pilkada dki suara,1
rt ya allah beneran ahok samperin si emak,1
terimakasih tahun sbg wakil gubernur sbg gubernur,1
rt mkom simpul tuips mari menang agus sylvi putar gak pakai putar habis,1
selamat menang anies sandi moga jakarta satu,1
bangga milik putra bangsa basuki jarot,1
temen temen apa pilih hidup pilkada mari rangkul jakarta maju bahagia,1
selamat status baru aniessandi semangat ya moga sesuai janji,1
ahok tetep semangat yaaa harga kerja keras ucap selamat menang paslon nomor aniessandi,1
terima kasih ahok djarot bangga perna pimpin dua semangat sukses,1
terima kasih ahok djarot,1
rt sumarsono gaya ahok yg kerja keras patut contoh bagus,1
rt klo jujur pake hati nurani ahok adlh yg baik jakarta gubernur yg jujur perhati pd warga,1
ahok the best salut orang nya sabar coba tuhan ahok is the best,1
rt makasih ahok ajar makna peduli rakyat andai dpt sempat,1
rt hadeuuuh gaduh gin pilkada dki ya pilkada serentak aman aman,1
rt masyarakat transportasi jakarta dukung ahok djarot https t co fdwk xvcb,1
tarik debat pilkada dki tarik salah cagub kepal tangan jelas,1
semangat maju tuhan god bless you more and forever bpk ahok family,1
selamat tugas anis moga jakarta,1
selamat ya tunggu program realisasi kecewa jakarta,1
doa yg baik untk ucap saudara gaza palestina,1
selamat untk bpk menang moga allah kah tiap langkah yg ambil aminnn salam jari,1
rt baik ajang debat buka,1
anies selamat ya pilih jd gubernur wagub jakarta,1
rt jahat perban yg spin tim ahy penting pilkada,1
rt agus sylvi prediksi maju putar pilkada dki versi survey grp,1
rt alhamdulillah sambut antusias warga blusukan ahok real ngga settingan,1
detik ahok harap besar prayforjakarta,1
tuhan rencana yg indah ahok djarot,1
selamat terima kasih ahok djarot yg tunjuk negara orang,1
terima kasih baik jakarta tancap hati warga jakarta,1
anies sandi menang,1
terima kasih dukung percaya tuhan baik jakartapunyasemua,1
gubernur wakil gubernur baik jakarta milik,1
rt jelang tugas plt gubernur dki aku kerja ahok https t co ihgi cwz,1
rt dukung baiat pilih agus sylvi terima risiko,1
mutiara mutiara ahok djarot tuhan pny rencana yg dahsyat utk ber utk indonesia maju,1
tuhan percaya ahok gubernur dki jakarta,1
i love you ahok doa moga tuhan kati salam jari pa ahok i love you,1
survei baru anies sandi lejit tinggal ahok djarot https t co ihhuzpsbf,1
aku ahok tangguh,1
dukung doa untuk ahokdjarot terimakasih,1
badj layan rakyat doa baik badja bangga milik,1
mudah han ahok nomor indonesia,1
tps paslon pilkada dki jaga ketat,1
duduk jakarta kagum sosok ahok jarot allah rencana selamat beliau,1
anies tolong bongkar masjid yg bangun ahok daan mogot,1
blm move on mending bsk piknik aja mumpung long weekend hehehe,1
moga teladan sosok bang yos gubernur jakarta cinta,1
pimpin yg pimpin yg erti jiwa pemuda lanjut,1
mendulungmu jakarta yg maju ekonomi nya prestasi sepakbola nya,1
negara negara bhineka tunggal ika ga liat pimpin agama ras budaya,1
mendulungmu jakarta yg maju ekonomi nya prestasi sepakbola nya,1
gw btp patung tanda jasa indo madame tussaud,1
doa yg tuhan klo doa jelek jahat balik yg doa loh,1
badja jakarta butuh indonesia tunggu abdi,1
artikel mas reklamasi gusur dp rupiah oke oce figur satu,1
besokgueahok bukti uji segi kerja ahok dki jakarta tetapahok,1
ga tinggal jakarta sih tp rumah ngotot banget dukung btp,1
semangat pilkada untuk pilih untuk pilih tetapahok,1
beda vital reklamasi rumah gak kutik,1
sabar jgn gesa nagih beliau lantik oktober,1
knpa ngga mampir orangtua ngefans bgt,1
moga maju gubernur era,1
masyarakat jakarta jakarta hasil bukti,1
masyarakat jakarta salut pimpin ahok,1
sayang ahok harap ahok presiden jokowi,1
milik jakarta ahok milik bangun jakarta,1
ahok cagub bekas aja ya bekas pimpin orang biar ubah,1
kalah ahok mundur adab indonesia selamat radikalisme akal sehat negara,1
semangat ahok juang kuat tenaga usaha baik terima kasih,1
terima kasih abdi dijakarta gudang minta warga,1
sakit ya moga semangat depan,1
menang nikmat kerja keras jabat terima kasih ahok,1
miris ya ahok sukses slalu my idola ahok,1
gue suka ahok bantuin jokowi ngurusin indonesia cepet maju jakarta,1
pngn peluk bilang semangat ya doa yg baik,1
aya warga jakarta tp jakarta bangga jakarta pegang rapih,1
seyogyanya pilih tetapahok karna cerah pd sistem birokrasi,1
ahok gubenur hati,1
lahir jakarta sampe detik gue liat kali pintu air manggarai bersih sampah ya pas jaman jokowi sampe ahok tetapahok,1
gpp kalah bom rejekinya ya pimpin jujur karya nyata,1
tinggal jakarta ubah sadar akitbat gubernur,1
cinta ahok terimakasih ya jasa jasa kerja,1
semangat ahok terimakasih yg jakarta sukses ahok,1
ahok dukung apa,1
terima kasih kerja keras ahok team pimpin dki jakarta semangat god bless family,1
ahok sosok bangga terimakasih rubah jakarta,1
moga ahok dlm lindung tuhan sayang ahok ahok orang,1
terima kasih basuki sejarah catat bawa ubah warga jakarta,1
lanjut juang orang tempat yg,1
kau hebat karna kau inspirasi alam harga,1
ahok karya sempat,1
tuju kalo gubenur kerja bagus rena kerja basuki keluarga dukung basuki,1
yg baik jakarta terima kasih yg kerja moga allah meridhoi langkah,1
jabat yg penting orang hebat jakarta kerja keras ahok terima kasih ahok,1
ahok warga dki sedih pilih lg jd gubenur dki,1
bpk gubernur satu yg bawa ubah jakarta semangat,1
ahok doa ahok pagi jam kecewa hasil pilkada,1
kalah menang kuasa tangan tuhan ahok jual iman ahok jabat,1
terimakasih ahok djarot kerja tulus keras jakarta,1
media asing sorot hasil pilkada jakarta,1
ahok ajar pilkada dki,1
ajar petik ahok pilkada dki,1
ahok lupa kampanye pilkada,1
presiden percaya pilkada dki hasil pimpin baik,1
kapolri pasti pilkada dki jalan lancar sejuk,1
amat pilkada dki panas parpol sulit disiplin massa,1
parpol dukung ahok djarot komitmen jaga pilkada damai,1
aman pilkada dki polisi terap sistem aman,1
instansi keluar maklumat larang mobilisasi massa pilkada dki,1
baju pakai ahok debat pilkada yg tonton metro tv tv one barusan cek,1
warga negara lo wajib sukses pilkada jakarta temu performa beda debat pilkada,1
debat tentu elektabilitas pilkada dki putar,1
terima kasih ahok jasa bangun jakarta,1
salut banget sm ahok jiwa kesatria langsung selamat pasang anis sandi,1
keluarga hak pilih pagi lupa warga jakarta tps jam siang,1
terima kasih jakarta semangat,1
orang jahat jatuh orang bangkit,1
jatuh kali tuhan angkat yg,1
rencana surga indah yangg ahok semangat ya,1
basuki djarot kuat dalam iman harap,1
jalan baik dar gubernur wakil gubernur dki,1
masyarakat indonesia khusus dki pimpin hasil kerja,1
rakyat indonesia asal dki doa moga basuki djarot lelah layan semangat,1
padam manusia ya kenang manis yg juang,1
doa ahok tameng kejang,1
semangat ahok dukung ahok djarot,1
menang debat pilkada dki malam ira koesno,1
selamat pasang no anies sandi menang versi quick count terima kasih ahok djarot kerja jakarta,1
semangat ahok warga bandung ahok yg juara,1
yg kerja keras jujur ahok,1
maaf ikut nyoblos ktp jakarta skrg tinggal bandung doa,1
moga ahokdjarot lanjut visi misi nya bangun kota jakarta rapih bersih nyaman,1
nama tuhan jakarta yg,1
semagat anies moga rahmat tuhan yme,1
warga dki hak pilih takut smua warga yg hak sehat lahir batin,1
moga tuhan masyarakat dki jakarta adil sesuai pimpin yg rakyat amin,1
eks dukung agus sylvi jakarta timur deklarasi dukung ahok djarot,1
salah jokowi ahok kafir kafir ateis https t co v grcuesti,-1
biar aja biar tai nya kena lo ya loh tuh gak suka sm ahok biar loh sm bpk loh sm loh kena tai nya,-1
rt angin memporakporandakan basis menang si nista agama cililitan nya alloh ampun n jakartabanjir,-1
rt prestasi ahok nselain mjadi mafia koruptor n nista agama bhasil tenggelam jkt congor cebon,-1
ulama kompak nyata harampemimpinkafir pilih ahok murtad,-1
kau dik bodoh gk larang bawa agama biar orang islam yg bayar ahok sadar gk milih ahok gla,-1
tanah abang cina udah resah stres gara si nista agama pilkada pasar jd sepi sepi minggu lg ha ha,-1
ri yg tentang si cina kafir ahok kriminalisasi polisi dgn smua rekayasa hukum nya,-1
ga habis pikir fanboy ahok bego bego ya ga ngerti sejarah gampang jebak iklan maaf ya,-1
pilih ahok drpd pilih yg iman tp koruptor dn munafik bodoh kau,-1
ahok si hina al qur an ulama sikap jijik sok suci https t co btkcetnk g,-1
ayo umat islam yg pinter jgn percaya klo aksi tdk hubung dgn pilkada ahy yg bayar anies yg untung ud d ude,-1
debatfinalpilkadajkt mampuuuusssssss mpok silvy,-1
hidup china komunis https t co b rhevkrxl,-1
tuh salah jokowi ahok si babi ateis https t co v grcuesti,-1
kalo ahok menang pilkada bikin video sex bareng anak tan https t co msmthwwlk,-1
keluarga domisili jakarta pilih ahok https t co gzkzftpvcw suara ulama bulat harampilihahok jangangolput,-1
ketutunan cina kota pulau kejakarta coblos ahok ktp aspal kamboja,-1
rt china babi china maling n usirchina https t co y hiwhjp,-1
rt pilih agus sylvi nanaknya sby keluarga koruptor n blusukanahok n berjamaahcoblospecinya u,-1
tangkap ahok klompok nya yg palsu e ktp karna penghiyanat bangsa negara,-1
tangkap ahok share tuju,-1
sayang bangsa jago yg dukung ahok yg dukung mas anies suci,-1
video ahok hina agama kristen agama konyol ahokpecahbelahbangsa,-1
nista agama jpu ahok pecah belah bangsa https t co qkifcjqhq,-1
mbak sylviana please sehat debatfinalpilkadajkt perjuanganbelumselesai,-1
nomor sok tau lansung skak wkwkwk debatfinalpilkadajkt,-1
rt ayoo jaga utuh nkri tangkap nista agama stopkriminalisasiulama https t co dxidq zqhv,-1
salah dukung mafia koruptor nista agama gerombol banci titot laku bidik arah,-1
tobat yuk lambat biar gerombol jil aja yg doa konsisten bela kafir hayat https t co uj itrm,-1
rt ya allah tempuh curang utk menang si nista agama engkau kirim malaikat maut utk les u,-1
banyak fitnah nih mpok silvy debatfinalpilkadajkt gue,-1
fpi dukung ahok kalah izin allah gusur gubernur koruptor nista agama https t co jp pglrgie,-1
jakartabanjir pimpin gak akhlak yg nista agama https t co pnegdjmpch,-1
rt twit asik lo tau akun akun pro nista agama akun akun buzzer kerja hujat,-1
ahoker bela nista agama https t co hxuu rudfx,-1
rt cucu dajjal hadir,-1
siang malam maki ulama nongkrongi medsos ulama nbela nista agama yg sombong ampun,-1
rt mayoritas etnis china dki nmengapa solid dukung nista agama islam n ndendam ntidak nasionalis,-1
muka mpo silvy asem bangett ngakak kena deh abis jahat sih debatfinalpilkadajkt,-1
rt gara bain dakwa nista agama rek sukurin,-1
rt b kumpul teman nista agama ntdk empati korban banjir koar puji junjunganya https t co xqfktdg x,-1
rt penjara nista agama turun https t co vqh tnxarz,-1
si nista agama jaga mulut aja gabisa jaga jkt,-1
ahok program paslon no program ngambang yaiyalah pakkk gak program diaa cma cela debatfinalpilkadajkt,-1
aku ahok djarot gagal atas banjir orang kena banjir sibuk sidang nista agama,-1
rt julay iyaa ahog ngak pantes pimpin pantesnya nista agama penjara https t co yhho qwxs,-1
rt overdosis tv bela nista agama https t co i rarpy w,-1
kaga masuk akal kite kalo suara nista agama yg dah kutuk ame umat islam suara nye emang sengaja ditinggiin tuh,-1
rt pantas pecat dr menteri data aj ngawur memkasakan hahaha ahokpastitumbang paslon pilgubdki,-1
rt penjara ahoax nista agama jokowi turun konsolidasidewanpkb https t co xow eakisk,-1
napa dibiarin tim si nista agama maen curang maren emang sengaja dibiarin biar ntar gaplok umat islam rame jakarta tuh nista,-1
hahahahhahaa silvy ohh silvy cacing loe ahhh wkwkwkwkwkk debatfinalpilkadajkt,-1
rt angin ahok taik menfitnah emang lu tukang caci maki perempuannn asuuu ahokpastitumbang debatfinalpilkadajkt,-1
rt ahokpastitumbang fakta bilang fitnah n debatfinalpilkadajkt,-1
shame on you silvy ga malu fitnah tuh rasain ahok panas skak mat debatfinalpilkadajkt,-1
bu silvi anti pns level rendah debatfinalpilkadajkt,-1
rt orang islam bodoh goblok milik ahok debatfinalpilkadajkt,-1
fitnah fpi pecah ulah ahoker yg elektabilitas ahok tinggal kelojot mui nu muhammad,-1
norak banget iklan mantan mendikbud gak respech tenun bangsa yg maksud u https t co ux heykblg,-1
rt yg nebar benci ahok mbak mbak gak tau sih dakwa loh,-1
bu sylvi gak mutu debatfinalpilkadajkt,-1
huuu sylvi ngoceh nobarahokdjarot debatfinalpilkadajkt,-1
sylvi liat bloonnya debatfinalpilkadajkt,-1
rt ahoax nista agama olok olok surat al maidah cc,-1
jakartabanjir pimpin gak akhlak yg nista agama,-1
debatfinalpilkadajkt mati kau hok,-1
yg ga program bisa fitnah ciri orang yg demen ngambil kjp kontan debatfinalpilkadajkt,-1
mpok silvi nyinyir melulu nya sayang sesat maklum sih dese emakemak debatfinaldki debatfinalpilkadajkt,-1
rt hahaha pilkada dasar polisi made in cina lindung nista agama,-1
kurang daya wanita dki jakarta telak beda warna muka warna tangan mpok sylvi debatfinalpilkadajkt,-1
agus silvy tukang fitnah debatfinalpilkadajkt,-1
debatfinalpilkadajkt yaudah gus kalo ga sakit fisik verbal gw gebukin lo rame,-1
keluarga gak yg maling coyy gak trauma kaleeeee emang kluarga ente,-1
jg kait jokowi ahok johan budi jokowi anjing ahok babi ya beda otak,-1
bajing lu silvy debatfinalpilkadajkt,-1
hasil lindung ahok dakwa nista agama,-1
rt lepas banjir jakarta dukung ahok ganti narasi doa untung sang nista agama,-1
tionghoa kaya putus sekolah banyak dugem,-1
gusur ahok indonesia teladan buruk bangkang hukum anti manusia jakarta jgn tular daerah coblospecinya,-1
ahoker takut mati gg disholatin tenang abu janda ust gadungan yg sholatin ahoker jokower,-1
mampuuss tembak dalem banget silvyy lo urusin tuh dapurr gak program demen nyerang gue debatfinalpilkadajkt,-1
anjir kali lihat orang bego debat pilkada kerja nyerang karakter shame on you mpok silvy and agus debatfinalpilkadajkt,-1
uang taipan tuh bayar ratus gusur biadab ahok,-1
cina asu https t co zm bsjaiha,-1
ngomong sylvi liat oke debat ahok sylvi langsung kuat goblok,-1
banjir tuhan aja lawan ahok jakartabanjir jakarta banjir genang,-1
pemimpim pribumi knp pilih pimpin impor yg g adab tukang bohong yuk pribumi dki milik bangsa ind,-1
karna ga program modal bacot doang,-1
dukung dr nista agama dukung gera,-1
narkoba yg bahaya ilusi suci ahok sang nista,-1
emang ahok orang nista agama,-1
cina mah duit hasil maling indonesia balikin lgi kedok invest plus bawa gembel napi cina negeri nenek moyang ahok,-1
tangkap ahok btp skrng koruptor reklamasi jakarta nista agama islam,-1
liat banget bego nya mpok silvy and agus debatfinalpilkadajkt,-1
yg ahokers klo gak neng ama cuit gw silah unfollow krn gw anti ahok si nista agama islam,-1
agama nista ulama leceh alas harampemimpinkafir,-1
rt serang ahok kafir galak,-1
as anjing ahok kaum babi lo bnyk bacot mnding duel sma gw,-1
ahok verbal keras lampias lari lelaki lunak,-1
yg maling china babi blbi korupsi nya triliun si ahok korupsi triliun,-1
mimpi djan farid jakarta islami aceh ahok pilih babi rindu halal,-1
ridwal kamil hebat top nggak kaya ahok tukang nista agama koruptor,-1
ri si ahok kutil babi,-1
dasar si kutil babi ahok tukang bohong bohong ahok jg salah yg tutup gagal nya contoh banjir,-1
si dakwa nista agama alias si ahok babi jamban tuh morfotin uang rakyat jakarta,-1
om ahoknya om si babi ahok ngatasi banjir om babi jgn bual om,-1
anak babi jalan nya nunduk malu liat ulah nya ngebelain ahok,-1
perilaku si babi benci dgn bau islam cocok dgn ahok,-1
ahok si kutil babi rumah lembang jakarta banjir bud,-1
jujur orang cerdas pintar pilih orang imam pimpin sholat ngaji santun sopan babi kafir ahok,-1
teman ahok emank tai pimpin kek babi,-1
babi ahok yg ngejek onta biar injek ama onta,-1
stigma babi milik tuhan elu si ahok kafir,-1
kampung ya dukung ahy https t co gmezpoylsy,-1
harahap udah lu jgn panik gitu ahok si kutil babi tumbang putar terus cuapcuap mu sosmed gak ngaruh,-1
ahok layak manusia babi yg akal pikir jiwa manusiawi,-1
ahok btp basuki tai babi,-1
rt dumdum yg cacimaki nista agama tau poligami ngumpet digituin sih ogah,-1
gusur iya trump nista agama anti islam emang hubung dgn anis,-1
nada aseng koplo bela si nista agama yg durjana nyuruh org ngaji,-1
bodoh nista agama pilih pimpin yg shalat,-1
pilih anis sandi doong jgn pilih si nista agama pecah nkri,-1
emang dakwa nista agama salah mana coba kl yg bikin hoax metrotipu aman aja tuh dewan peres,-1
pamor rk akan parpol usung dukung nista agama,-1
si ahok pantas nobat sbgai babi ngepret,-1
yg salah tulis dakwa nista agama coba klo tulis baginda mulia ga cuih,-1
fakta cina parasit tuh ngotot bain si nista agama,-1
jokowi ratu adil ga turun darah biruadanya darah kotor cina babi,-1
rt keren nih apps kawal tps yuk gabung pasti cagub dakwa nista agama cepat antar habitat,-1
lo gak tau ya koar sembarang liat banget lo beneran bego fuckyou,-1
ahmad dhani hormat babi anjing aing kontol lonte tungu nya karier mu habis,-1
kang fakta partai dukung si nista agama benci rakyat rakyat jabar,-1
plis sok cantik pacarin artis letek jijik gw liat,-1
muntah liat lagak nya orang sok iye banget hoek,-1
tv ngomong ahmad dhani monyet babi anjing,-1
perempuan kaya lo mending mati aja deh jelek aja gausa sok make up artist,-1
ahmad dhani borok sampah babi anjing orang yg muak liat muka dhani bangga,-1
emang sdh si ahok dakwa nista agama malu woy,-1
putus erka hormat pilih partai dukung nista agama,-1
lupa biar karam dg kapal munafik bangun jabar dg kapal yg bersih delete partai dukung nista agama hati,-1
dunia nafsu ya kang sayap kayak burung hantu,-1
nista agama santri hormat kasih ahok otak reparasi pulkada nama santri yg kail jual belikan,-1
payah banget maju jabar pakai partai nasdem dukung nista agama ente butuh uang ya kang payah loe,-1
polisi yg imam sholat nista agama bodoh islam an copot kapolres jakbar,-1
rt bodoh nista agama pilih pimpin yg shalat,-1
rt ria rana gak habis pikir n ntinggal nunggu adzab allah nih negeri pimpin sdh dzalim,-1
lu kampung datang nista agama,-1
tuju klau ahok gelar santri hormat santri hormat babi,-1
senang yg fans mati lupa bego banget,-1
lo tuh babi anjing mampus kalah jatuh miskin deh bekasisah,-1
si ahoak btp cina anjing kafir nista agama islam,-1
anjing kpd ahmad dan babi kpd ahmad dhani,-1
haha maki lawan mah drpd tindas pimpin munafik lindung nista agama dll agama no islam taubat rot,-1
pikir anak bani kampret g beda sma nista agama penfitnah tipu garong,-1
yg cewe pake kerudung ngapain ya kali konfrensi pers aja citra islami kaliiii bwahaha,-1
spt ahok nasdem susul dg cs nya yg dukung paslon nista agama tukang caci maki tai tai,-1
juli kalo mecin dijadiin cemilan mang kang bego bego banget,-1
cm didoain mah ketemu si nista agama langsung ceburin laut yg reklamasi ijin sembunyi tumbal reklamasi,-1
qodr btp cabe an nya bbm n facrbook n politik tau doi tau nya berita sampah citra,-1
manusia anjing mati mati rela murtadz babi ahok kafir,-1
ahok jamban yg bela aparat kristen china kafir berani menghi,-1
resah jd presiden hidup penuh drama citra main ftv aja joko judul,-1
percya sdgkan induk nista smp skrg lum tahan tp bela,-1
mari muslim cyber army skrg ganti sebut a k dakwa nista agama,-1
orang islam suka si hoax nista agama jaga lisan tindak rusak hubung,-1
rt pandeka nomor koruptor negeri korup asuh cino babi,-1
rt hajar bleh bela nomor koruptor cuihhhhhh,-1
rt gusur cebong gendheng ngamuk bain si homo nista agama hahaha,-1
rt tolol yg bela nista agama sangka,-1
orang saksi anjing kasus babi tolol,-1
si ahok kampret emang gak becus kerja citra mlulu tuh si ahok kampret,-1
lu kampung datang nista agama,-1
tanda kiamat x yak aja orang muslim yg ingkar al quran pilih nista agama nomor koruptor nomor koruptor,-1
janganmaudibohongiahok ahok sumber kacau politik ramai aski fight,-1
matanajwadebatjakarta anies sadis topeng buka lebar malam biar warga dki yg nilai yg kecut,-1
anies congor aja gede realisasi gak janji bisa korupsi dosen aja bangsat,-1
matanajwadebatjakarta hebat ahok salam loh sm anies hormat idih gw sih ogah,-1
matanajwadebatjakarta urus bacot anis nya juara makan bacot jakarta haha paslon yg aneh gede bacot doang,-1
matanajwadebatjakarta anies omdo jd menteri terobos skrg ngomong ky sok jago bgt,-1
matanajwadebatjakarta si cina babi ahok bloon banget sok pinter banget ahok,-1
matanajwadebatjakarta lucu banget ahok gak nyambung kena skak mat d isu agama tdi dasar cina tolol hahaha,-1
matanajwadebatjakarta topeng fix buka dgn yg dukung bau busuk,-1
matanajwadebatjakarta anies suka nyinyir suka putar fakta ga program yg bisa jelek kerja basuki,-1
babi iya si ahok gak kayak babi,-1
si tengkuk babi sipit bangke agen dajjal onta hahaha orang waras tau ahok paksa,-1
ahok kafir umat islam anti ahok ahok kafr tambah ahok cina yg suka makan babi bir,-1
gw bilang babi ahok kafir gw ken gerombol babi ahok rasa bagaiamana klo anjing in bangsat in,-1
sibabi china biadab laku kaum pribumi jongon spt banser nu nusantara dukung timpang biadab mrk,-1
ahok kafir takut debat rakyat asli pribumi nelayan pakar reklamasi rakyat ahok kafir bencong,-1
nampaknya paket sokong cina babi sokong lgbt,-1
biadab ahok cina kafir anak rakyat pribumi islam gusur rumah hidup,-1
tim ahok yg otak wc otak tumpul anies sdh komit dgn pancasila ahok kafir sgt tdk bs pancasila,-1
matanajwadebatjakarta anies tinggal tenang tulus debat malam mjd agitatif licik moga kalah kau anjing,-1
proses sidangahok waspada ulama kubu ahok ulama munafik sesat sesat,-1
anies rangkul nya satu spt ente dangkal cekak intelektual budak ahok kafir,-1
biadab ahok cina kafir rakyat yg pkl asong gusur aniaya spt teroris ahok kafir biadab,-1
rt kenyataanya juta rakyat asli pribumi yg miskin miskin ahok cina kafir,-1
indonesia yg dibully org yg bener yg salah binatang nomor dibiarin liar matanajwadebatjakarta an,-1
sidangahok smg sipenista agama n ateknya mati tdk wjar n jasad tdk dtrma tnh n tdk prnh mrs kn sorga aamiin moga tuhan tuju,-1
iya kelas nista agama bs nya cm ngebacot doang yg arogan sk blg taik nenek lu oh ya sumber waras n nama d e ktp apkabar skakmat,-1
penjara cina kafir ateis ahok pimpin babi tukang korupsi,-1
kampanye ras ngmg nya ahok yg untung goblok kafir untung perkosa bunuh lu enak duit,-1
hahaha idiot bilang kpd orang kafir terurama nasrani dukung ahok kafir pasuk wilayah syariat islam,-1
i hasil makmak jual puki kslian yg pihak pki si ahok anak china anjing kafir nkri,-1
tim dukung sakit jiwa hilang akal sehat ide iklanahokjahat,-1
iklanahokjahat hati hati prustasi main kasar hasil survei si nista agama kalah,-1
hookk masuk gorong aja loe iklanahokjahat,-1
kayak gin nih kampanye tim aniessandiuno kampung intimidasi masyarakat kampung ye asutenan,-1
si kutil babi leceh pribumi umat islam iklanahokjahat,-1
ngomong aja ente kaca pecah belah rukun hok ente bisa ngaco iklanahokjahat,-1
iklanahokjahat terorist nyata indonesia wahabi onta babi babi milik cina tebar teror sungguh,-1
rt sadar anak bangsa pertiwi diporakporandakan manusia biadab btp aktor utama,-1
gerombol btp rindu rusuh hati kabul tuhan iklanahokjahat,-1
ahok and bani serbet and wereng coklat pancing umat muslim marah iklanahokjahat kumpul orang sinting,-1
iklanahokjahat rezim jokopret setan iblis dajjal bangkit dr kubur gembira pesta pora belenggu,-1
anti cina ganyang cina tuh siapaaaa anti ahok sang nista agama kampanyeahokjahat iklanahokjahat kampanyesara,-1
udah bingung kalik pakai kampanye bikin fitnah kayak begitu depresi ya takut kalah iklanahokjahat,-1
tahu sama malin kundang ahok dua sam durhaka asbak iklanahokjahat kampanyeahokjahat,-1
haduh laku hok sok sok jaga agam provokator ras iklanahokjahat,-1
rt sr iklanahokjahat bikin darah didih bangsat penuh propaganda emang lo islam radikal,-1
kapolda babi biadap bodoh gak otak kali,-1
deh btp hina islam manusia hina banding agama mulia iklanahokjahat,-1
ahok kafir budak nya anjing nya sampah agama islam sampah masyarakat,-1
umat agama islam dijakarta haram najis ahok kafir kristen,-1
april cnn kibar bendera kuning mati ahok djarot,-1
akibat ulah orang kafir nasrani persis ahok kafir yg larang jilbab anak seko jakarta,-1
baswedan gubernur jakarta komisioner kpk ahok kafir pantas germo alexis,-1
rt iklanahokjahat klo ganyang beneran hok sih mau elo ya hok adu domba pribumi tionghoa,-1
djarot pikir rakyat pribumi bisa babu kpd cina songong jongkok,-1
otak wc otak babi yg terima ahok kafir ahok kafir bkn dar hina sdh anggap islam sampah,-1
putar ahok kafir curang umat islam komitmen jakarta jadi laut api mikir hukum,-1
iklanahokjahat ahok cipta bara api rakyat pribumi tionghoa yg balut phobia ahok kafir ras,-1
heran perintah jokowi budak kuli cina ahok kafir naga,-1
ya nama cawgub goblok gak ngerti atur debat bego licik sandiaga uno,-1
bodoh dukung ahok yg muslim singgung aja sih qur an d hina mrka diam iklanahokjahat,-1
gubraaaaak malu liat untung semalem debat ga kaya mata najwa coba kalo format ringsek dah pasang asu,-1
yg otak ahok djarot tumpul loyo stress jebol copot ganti,-1
ahok kafir maling garong lahan laut milik nelayan rampok rampas reklamasi yg untung cina kafir,-1
sumpah bego bgt sih kesel gue org yg vote makhluk kayak sandiaga uno coba oh agama,-1
responden yangg goblok faham wartawan beritasatu goblok klo anies sandy pimpin mudah,-1
fpi renovasi masjid ahok kafir kristen ngapain ngurusi masjid hubung,-1
ahoker kristen munafik henti olok gereja stiap dibriefing ahok hina si bumi datar,-1
uma surveynya si botak yg menang ahok cina kristen bukti kalo si botak dukung cina kristen,-1
ahok pecah belah ummat ajar kristen konyol raup suara muslim ahok ras pki tulen,-1
woy lu udah nonton fitnah pale lu yang gym,-1
ahok pilih pimpin dasar agama langgar konstitusi babi bungkus aja congornyapecah belah umat agama,-1
pribumi kristen dukung ahok anti manusia bodoh goblok steven hadisurya sulistyo,-1
maksud bukti korupsi nista agama nya ya om bangsat lo taik lo maaf gw pake bahasa babi ahok,-1
ehh taik bangsat lo omong elo kayak iwan bopeng yg mo potong leher tni bangsat lo iwan bopeng baek in tni taik lo,-1
ehh anak anjing ahok kelan blon siuman mending emut bool basuki aja kasih tau babi yg bool basuki wangi gitu,-1
cwe cakep tp bego pantes gk laku si ahok cina bau tai makan bubur encer ahok faham komunis nista islam kristen,-1
ajeng paham si babi ahok klo bicara santun bangsat taik anjing setan lo dngn intonasi yg familiar tuntuna,-1
bunuh aja yg depan mata mafia koruptor nya nista agama panggil popular nya babi ahok,-1
gimana dgn sumber waras trans jakarta ko jokowi diem ajah si kutil babi ahok ganyang,-1
muka si babi ahok tuh yg serbet lantai btp,-1
bang hancur merka bang musnah china babi bumi pertiwi indonesia kedok reklamasi ahok,-1
sapa yg bilang ahok anti korupsi klo grombolannya ngomong gtu wajar ahok mafia koruptor sang nista agama yg lindung istana pki,-1
gw ngimpi sentilin biji babi ahok pcetar pcetar langsung kejang die ngadu jkw jkw makanye sunat bru ngomong almaidah,-1
mudah an gw ketemu si babi iwan bopeng tps nya anjing ahok,-1
